{
  "clases": {
    "no_cancer": 0,
    "cancer": 1
  },
  "imgSize": 128,
  "threshold": 0.5,
  "historial": {
    "accuracy": [
      0.45000001788139343,
      0.4749999940395355,
      0.6500000357627869,
      0.550000011920929,
      0.7250000238418579
    ],
    "val_accuracy": [
      0.5,
      0.5,
      0.5,
      0.5,
      0.5
    ],
    "loss": [
      0.7233151197433472,
      0.7429448366165161,
      0.6254569888114929,
      0.6735602617263794,
      0.6021501421928406
    ],
    "val_loss": [
      0.6932166814804077,
      0.6930381059646606,
      0.6929967999458313,
      0.6928976774215698,
      0.6927785277366638
    ]
  },
  "conteoTrain": {
    "no_cancer": 20,
    "cancer": 20
  },
  "conteoVal": {
    "no_cancer": 20,
    "cancer": 20
  }
}
